Date,Actual_Price,Linear_Regression,Random_Forest,Gradient_Boosting,ARIMA
2017-11-04,737995.0,424645.434641088,520856.43,347975.96065487294,358495.62485853565
2017-11-05,740741.0,436117.851434223,504108.16,392427.0748850323,590472.1134787905
2017-11-06,702276.0,451038.90460761,524684.73,425986.6096964472,202631.2196445312
2017-11-07,714438.0,707285.7245607215,355759.82,214504.93599955912,599763.1029100474
2017-11-08,745969.0,599897.1796801939,518153.33,425450.31955611537,272206.2593636502
2017-11-09,714358.0,791782.5116379367,543464.95,350074.70835461456,593972.3093332823
2017-11-10,661814.0,682042.8729423573,492195.95,392032.4514816003,330244.57383905235
2017-11-11,63576.0,564134.0279279016,494277.11,391931.3671649075,546028.2478757249
2017-11-12,595007.0,687656.1769008524,599075.82,653754.0159796589,302346.2597330494
2017-11-13,655949.0,549943.4330593046,586124.01,667450.1487327107,542430.7270156505
2017-11-14,663575.0,523103.5045430834,507718.16,425100.32861821615,340042.55770500784
2017-11-15,731554.0,521394.8640877236,514340.93,425310.86729073524,530027.1585571693
2017-11-16,787169.0,523669.91614510183,511456.26,392873.4421360986,354587.77069957263
2017-11-17,770899.0,530752.9872836318,512099.69,392412.6840950447,509781.1752319344
2017-11-18,779015.0,754587.3323397951,536852.61,350871.1529451729,356952.0340845076
2017-11-19,803649.0,824366.2808313097,429005.61,141062.42389133645,503730.4023578847
2017-11-20,820064.0,747389.0403915015,507160.79,362023.9704934861,374100.9113751455
2017-11-21,807126.0,791655.4410402436,517079.13,425441.7954485542,493952.1432054066
2017-11-22,825355.0,803625.5228622318,515169.2,425478.15587022464,380935.03217560647
2017-11-23,803877.0,762707.4217130906,493554.82,392685.4544133022,484067.5943481431
2017-11-24,825369.0,798919.0077943486,498392.32,328611.04067311005,387118.2422333827
2017-11-25,879092.0,842388.4012533046,501285.81,392419.051682075,478684.77552154876
2017-11-26,933055.0,846404.1871109871,493108.84,373695.43257013196,395380.04502044833
2017-11-27,981835.0,888783.6118910621,523407.34,470900.08576535626,472235.5745822275
2017-11-28,100588.0,796776.8576726347,437106.43,162162.77969273416,400037.471770947
2017-11-29,988861.0,898351.0668076543,476499.41,674224.084803554,466736.7554908964
2017-11-30,102336.0,548527.8853945611,480805.9,373144.86520965403,404838.3110365272
2017-12-01,109756.0,619575.6809676477,488364.9,671620.8378666126,462740.3287192323
2017-12-02,110746.0,540723.2565152213,408597.62,148720.91180877195,409335.2900966528
2017-12-03,113232.0,391777.4175370361,151523.03,60519.27161542717,458688.05541581573
2017-12-04,116572.0,192902.18165303924,102845.14,50888.35674318125,412600.78025596717
2017-12-05,119167.0,286882.44522665936,107408.29,54646.22480043636,455358.09418889193
2017-12-06,142915.0,31440.767713833215,118194.38,96504.97026836128,415757.42774656706
2017-12-07,178997.0,187738.62430127052,126383.98,166987.6973995983,452624.0231251585
2017-12-08,165694.0,157597.03717993235,124777.11,168102.72126481554,418448.4774277844
2017-12-09,151782.0,151116.64754473878,96936.77,102921.48808450036,450092.27316444943
2017-12-10,154554.0,167866.57052406238,112177.85,68434.41157031713,420649.7070272134
2017-12-11,169368.0,183857.48110796744,135604.32,172838.28664636333,447993.06488695403
2017-12-12,174154.0,212136.4856831783,130244.17,180118.18572655699,422652.57575616206
2017-12-13,164082.0,191980.46325793787,132013.98,192422.2049302866,446194.80805603333
2017-12-14,16564.0,158602.07779661252,138266.42,186475.02463165743,424340.2504295309
2017-12-15,177069.0,223585.31840461225,139225.3,186306.01884603236,444602.2611669377
2017-12-16,194974.0,229159.3688195257,141586.11,184752.61171339752,425781.0996125533
2017-12-17,191408.0,217774.442026077,102278.05,122516.14473756928,443260.2570181499
2017-12-18,191142.0,223821.78479283792,112389.03,127049.52910082444,427048.76320399344
2017-12-19,177767.0,208374.6793469658,138739.03,184760.50959724857,442098.5583070683
2017-12-20,166246.0,188244.9201468922,134878.66,183958.4061671824,428125.03373579966
2017-12-21,158029.0,240508.23233315372,118153.86,166022.21119734854,441089.2950713459
2017-12-22,138318.0,186526.78573519632,111498.6,181939.51115933576,429054.26346748194
2017-12-23,146992.0,211392.87772904843,136330.94,184571.34731798686,440228.8158828835
2017-12-24,139258.0,196326.27241935075,99381.79,116935.54207918345,429859.83333299623
2017-12-25,140266.0,210917.76567858033,115309.64,110389.5129738987,439483.81933025154
2017-12-26,160998.0,266952.9318072426,131138.57,169850.09484942356,430548.99250000773
2017-12-27,158385.0,294827.3276803939,124113.43,169245.5076902598,438841.0509938187
2017-12-28,146065.0,236485.28429768636,124137.5,173408.30160795277,431144.61197551066
2017-12-29,146562.0,364110.18120204634,118995.85,85684.9705806909,438289.5608705842
2017-12-30,129522.0,279605.43496865337,152239.12,207867.68327064204,431658.27647927694
2017-12-31,141564.0,310666.6882001911,127944.56,124348.32193453006,437812.98904928984
2018-01-01,136572.0,308194.8374988613,135508.55,110808.49818286263,432099.62262123806
2018-01-02,149821.0,307566.2212832843,155490.96,220732.60322330229,437402.58407649316
2018-01-03,15201.0,278351.00977683545,160834.06,208287.5229065638,432480.62303237757
2018-01-04,155992.0,316061.3400758519,158669.2,210579.3491343591,437049.46252190525
2018-01-05,174295.0,311393.82671853044,160976.31,213926.56947923286,432808.7572355961
2018-01-06,17527.0,294737.28864301887,152637.72,195459.19227038897,436744.785013657
2018-01-07,164776.0,329315.4206512473,142208.24,106956.4903375248,433091.2346866654
2018-01-08,151701.0,268449.64727407607,159814.28,205896.05765973075,436482.45467069786
2018-01-09,145954.0,278409.9136634172,139964.97,187032.51452096956,433334.833259547
2018-01-10,149733.0,310664.30988929275,129780.25,189968.17764869606,436256.50287147204
2018-01-11,134058.0,267799.42377970676,143272.46,195492.04384500763,433544.61146338773
2018-01-12,139806.0,281668.1025664785,126830.07,117197.38133259081,436061.7196397513
2018-01-13,143602.0,326453.1973956045,139586.24,191746.78881091066,433725.32350555004
2018-01-14,13772.0,289410.10297128465,107546.85,69771.17772066743,435893.97305510635
2018-01-15,138198.0,310027.67326478,129409.46,113441.89256639544,433881.07189523714
2018-01-16,114905.0,220801.68366664211,118150.95,82017.70669803568,435749.4456461334
2018-01-17,111886.0,103344.59512221106,113684.26,82266.57896073394,434015.2193809117
2018-01-18,114749.0,223643.54913851846,124146.6,97524.10661848389,435624.9047243508
2018-01-19,116074.0,227694.21321497962,123965.91,95632.87237760554,434130.79972350283
2018-01-20,128992.0,240267.97740607068,123134.74,111988.99710879294,435517.628724506
2018-01-21,116001.0,258519.32715854945,102230.95,74646.1373557868,434230.38809086586
2018-01-22,109314.0,233285.46605389664,120458.34,80928.14722276808,435425.19813591824
2018-01-23,108684.0,236022.29874911357,106380.63,85450.10287483926,434316.17689202464
2018-01-24,113594.0,244137.7253877998,106861.47,84886.2190124659,435345.56170093693
2018-01-25,112594.0,242711.9946846802,115111.29,85859.9689473043,434390.09248033835
2018-01-26,111714.0,234709.4598677499,105527.77,87890.97042622813,435276.95695441205
2018-01-27,114407.0,244598.37642031402,117444.51,87065.87635764606,434453.7751420571
2018-01-28,117863.0,249253.51277777826,116246.77,70835.52496031008,435217.84758294775
2018-01-29,112964.0,246823.56906124763,118372.45,83882.89362730921,434508.63795477105
2018-01-30,101063.0,224414.06404237042,110435.42,82220.1994486651,435166.9223304669
2018-01-31,102211.0,115868.90152869117,99138.98,61155.40323033707,434555.906590485
2018-02-01,917054.0,207062.23682324676,112275.23,47982.51671540624,435123.0490883226
2018-02-02,883075.0,179395.23364121222,135197.78,60818.6050307599,434596.6303887439
2018-02-03,917491.0,350035.6368958062,398567.17,297307.7564348152,435085.2492215567
2018-02-04,827701.0,420554.2193344762,369977.26,120704.08057497606,434631.7153039858
2018-02-05,695527.0,581224.5105036325,423711.67,275202.8282511756,435052.68323457724
2018-02-06,7754.0,586207.8966449844,402233.22,276663.2995247367,434661.94311511726
2018-02-07,76213.0,789801.2592688783,527120.23,635091.9521616994,435024.62630940066
2018-02-08,826559.0,652666.0814456264,471518.45,646493.1814881635,434687.98554107983
2018-02-09,873698.0,450832.9036745758,359394.79,284204.3266024455,435000.453698017
2018-02-10,86219.0,252356.76138206472,351745.58,284111.30418186117,434710.42224166356
2018-02-11,812997.0,555764.6833929364,394717.54,309949.23292355536,434979.62803435506
2018-02-12,892657.0,327326.571712414,371355.05,317488.18731560354,434729.7526243735
2018-02-13,859831.0,547843.749596649,418700.22,274082.9727112249,434961.6857614049
2018-02-14,949463.0,738814.4041147565,418250.31,275529.28915887984,434746.4065508456
2018-02-15,101664.0,451204.4945541637,351359.67,286674.2318130928,434946.2276078284
2018-02-16,102339.0,474115.2644823633,427844.92,629090.317190846,434760.7546894522
2018-02-17,111127.0,692327.2590689916,431383.24,377426.5448923833,434932.90974801994
2018-02-18,105518.0,461276.47224411304,354741.12,298326.8621556428,434773.1162959497
2018-02-19,112253.0,295359.76819813135,145334.51,52414.88062142589,434921.4357835255
2018-02-20,114037.0,138189.69340725447,107123.78,46872.78613846441,434783.76636221516
2018-02-21,106904.0,-59849.05398078807,111716.98,66953.39085219495,434911.55042644736
2018-02-22,10005.0,-102645.97000239357,107680.66,38330.971114504195,434792.94189511903
2018-02-23,103011.0,-22033.87796932651,112449.13,35700.93007512135,434903.03375017794
2018-02-24,981307.0,77856.16234287705,107578.18,49206.691023163665,434800.84704122867
2018-02-25,966473.0,88062.54042398975,127068.47,63928.52963494667,434895.6962344612
2018-02-26,103667.0,67441.75504112394,141972.66,59866.874863778976,434807.65768178523
2018-02-27,107256.0,376431.8454137344,165043.44,59648.67258404765,434889.3746272332
2018-02-28,103979.0,369717.776897735,165498.78,59257.95748225417,434813.52536620875
2018-03-01,10951.0,382680.5730844321,166710.63,56291.09105135187,434883.9282747367
2018-03-02,110864.0,401570.1747996708,170352.54,53825.426246343224,434818.58064559405
2018-03-03,114897.0,141860.26784750505,95887.7,52382.6332207668,434879.2359890502
2018-03-04,115126.0,-32300.78290619902,105794.32,77967.929016405,434822.93600012653
2018-03-05,115733.0,78595.55847276138,111832.0,62581.39692766661,434875.1933697807
2018-03-06,107799.0,63924.923269733874,104508.82,62392.67003807874,434826.68833971844
2018-03-07,996557.0,110508.98446877443,108485.71,49772.90115196324,434871.710467741
2018-03-08,939501.0,80078.60222720196,133662.69,57676.052820245466,434829.92115238536
2018-03-09,933755.0,284747.4286679353,408827.84,242326.8572389808,434868.7097867342
2018-03-10,8866.0,290689.3936932572,403765.59,360185.9784367433,434832.7063691055
2018-03-11,957863.0,731029.6447501918,524878.72,656992.4942329236,434866.1245623451
2018-03-12,920512.0,568360.3269981752,412980.93,276161.8647714133,434835.1059617656
2018-03-13,919485.0,803394.1143367544,421156.45,338946.0629833549,434863.89727259683
2018-03-14,826981.0,663426.6977315452,376111.27,380644.5041724154,434837.17332103226
2018-03-15,830086.0,665217.4997488928,370296.7,348076.1508599598,434861.97835986374
2018-03-16,833835.0,651566.7904841729,370137.73,348070.94818351883,434838.95444618387
2018-03-17,791688.0,878944.5222102929,410246.53,240707.4889424225,434860.32512838044
2018-03-18,822368.0,755094.5823643965,428290.81,293431.1840232975,434840.48896750563
2018-03-19,863065.0,834423.7086489085,392171.0,250779.49365811248,434858.90079336497
2018-03-20,891347.0,729032.1726956322,472756.83,337264.8515200617,434841.811028159
2018-03-21,892928.0,742436.1771561983,482138.4,336492.51533271495,434857.6736631985
2018-03-22,872847.0,850018.2826066216,416827.36,261956.81909539067,434842.95004425984
2018-03-23,887962.0,772685.6253450674,478761.58,304691.29553116515,434856.6164341369
2018-03-24,866812.0,884178.5972413328,407092.14,262135.26250257905,434843.9313590387
2018-03-25,849578.0,897933.1024465546,396740.0,261616.89892368388,434855.7055826446
2018-03-26,82094.0,670964.7222860063,498313.37,445714.100572738,434844.7768068516
2018-03-27,783304.0,809100.9799565821,480831.76,670181.2854178136,434854.92084217904
2018-03-28,795448.0,606367.6294299363,483678.15,405979.3749076878,434845.5051990482
2018-03-29,71657.0,427534.5828088318,479886.37,374565.878379797,434854.24475217226
2018-03-30,689052.0,583728.4388067863,594371.92,650859.2101927057,434846.1327424346
2018-03-31,697353.0,388919.35962500225,481610.02,374930.4280302405,434853.6622695214
2018-04-01,684423.0,368901.8996241002,483877.64,329313.9227763279,434846.6733999299
2018-04-02,70838.0,459488.19474124175,537780.44,319815.8003348784,434853.1604339215
2018-04-03,745611.0,552156.50006963,611323.65,661164.7715018454,434847.1392012387
2018-04-04,685384.0,349085.6748073874,497154.99,362090.66741671116,434852.72807946574
2018-04-05,681147.0,659601.3925741473,458300.82,228409.68210110016,434847.5405104947
2018-04-06,663632.0,631732.0401141101,423727.17,141473.7535902331,434852.35558620957
2018-04-07,691109.0,552907.6934333618,495030.09,392900.5996822905,434847.8862568812
2018-04-08,702352.0,551673.3994171786,501114.49,393243.17409673723,434852.0346661332
2018-04-09,677073.0,727112.9234593278,534597.47,319649.6858799436,434848.1841333003
2018-04-10,683476.0,684786.8045148543,511166.29,425959.91737621726,434851.7581787231
2018-04-11,696832.0,691568.0457408269,511606.74,426125.5769920344,434848.4407675391
2018-04-12,788925.0,722134.3276373884,502905.34,393222.917085417,434851.5199720988
2018-04-13,789596.0,716618.1050772133,503276.64,393121.36566654587,434848.6618697426
2018-04-14,798624.0,839067.306267535,419431.35,141951.64838896928,434851.31474613334
2018-04-15,832911.0,767968.935711805,495342.0,392812.5187601453,434848.85235946317
2018-04-16,805867.0,786279.3843654008,512790.38,426115.01553336316,434851.13793452235
2018-04-17,790209.0,808590.3137929774,506083.87,425694.92165544245,434849.01647512097
2018-04-18,816342.0,818296.4833729808,488531.56,425598.7257811506,434850.98560318496
2018-04-19,829431.0,832904.8132250924,505926.55,393638.46315795113,434849.1578683105
2018-04-20,884583.0,855383.0771962594,502379.07,393217.7144089761,434850.8543627297
2018-04-21,889558.0,856771.1549326582,495376.23,393104.2432109207,434849.2796850483
2018-04-22,880246.0,860467.7052824558,495474.95,392812.5187601453,434850.74129303964
2018-04-23,893088.0,885404.3485994333,516897.13,426626.9103483275,434849.38463577227
2018-04-24,96975.0,728549.2058752141,507402.19,425791.27039787266,434850.64387829974
2018-04-25,884574.0,928792.6636239989,599965.4,661998.7523652202,434849.4750556493
2018-04-26,928151.0,766165.2053696607,502156.16,438416.31821285933,434850.55995101965
2018-04-27,898705.0,745737.5659458596,501899.21,438314.7667939882,434849.55295653327
2018-04-28,934848.0,754578.8564299607,483988.85,374253.57519308466,434850.4876438067
2018-04-29,941908.0,779398.9188901908,496337.66,437643.72981623973,434849.6200717287
2018-04-30,924055.0,781249.3330368642,512232.47,471181.22898570885,434850.42534781614
2018-05-01,911901.0,1047157.0610465844,541126.13,382725.8226817816,434849.6778945573
2018-05-02,923592.0,928623.84898616,391295.48,237600.44210201793,434850.37167695427
2018-05-03,974386.0,1001757.2878487058,502011.41,393227.3882529021,434849.7277115843
2018-05-04,970076.0,930014.7197158166,394572.49,269468.78185779,434850.32543703757
2018-05-05,985815.0,983800.3335072836,484754.49,393029.7266861797,434849.770631245
2018-05-06,96548.0,803000.0532976312,499434.59,392911.8454202997,434850.285599222
2018-05-07,937301.0,1051130.6096614304,619133.75,685795.4776559069,434849.8076085072
2018-05-08,923482.0,819312.1459715916,507003.95,425703.4457630036,434850.2512771111
2018-05-09,932518.0,825141.4620255341,507003.95,425703.4457630036,434849.8394661198
2018-05-10,904394.0,798826.8886954192,501502.86,393135.09245054796,434850.2217070336
2018-05-11,844149.0,772469.1692805407,503369.11,393226.23851653724,434849.86691291875
2018-05-12,850489.0,858097.2388855936,420978.49,141771.60723662536,434850.1962310514
2018-05-13,872394.0,1032022.9152655308,527595.76,349887.05802583747,434849.89055959875
2018-05-14,871679.0,877156.4765445008,397520.37,302627.95607795264,434850.17428232066
2018-05-15,851038.0,901741.0940270273,505904.21,425694.92165544245,434849.9109323014
2018-05-16,836883.0,883015.0614328765,505834.25,425694.92165544245,434850.15537247935
2018-05-17,809432.0,865600.9354719833,500593.95,393126.5683429868,434849.92848432204
2018-05-18,825097.0,878036.2643548416,500906.63,393121.36566654587,434850.1390807811
2018-05-19,824718.0,867527.8091009818,500862.95,393616.13802588504,434849.94360619533
2018-05-20,851325.0,864988.2322435519,495591.62,392812.5187601453,434850.1250447335
2018-05-21,841899.0,852061.10159432,516897.13,426626.9103483275,434849.9566343849
2018-05-22,804178.0,841657.0756358359,506080.84,425694.92165544245,434850.1129520328
2018-05-23,755782.0,827178.5919190419,507402.19,425791.27039787266,434849.9678587695
2018-05-24,758734.0,807157.8012191114,466209.5,328414.8062243742,434850.1025336148
2018-05-25,748014.0,809376.2124224206,384648.38,269434.26898040116,434849.9775290933
2018-05-26,735588.0,827941.3821203563,491867.86,438232.54193944746,434850.0935576683
2018-05-27,736822.0,801667.4072291775,498138.26,438452.71230363636,434849.9858605221
2018-05-28,713599.0,774442.2769560582,508549.38,471166.5144629406,434850.08582447754
2018-05-29,747259.0,776392.4412256943,504789.32,469666.1662197901,434849.99303843133
2018-05-30,740652.0,848931.566305556,421297.38,141636.57688946908,434850.0791619779
2018-05-31,749417.0,742250.3332216743,480640.49,438013.39925101405,434849.99922253034
2018-06-01,754145.0,731224.6055454894,393961.15,270044.8876340186,434850.0734219279
2018-06-02,764345.0,774442.5708445177,500565.25,393571.71801685705,434850.00455041614
2018-06-03,772025.0,780607.2042799736,501030.77,393828.70710507396,434850.0684766108
2018-06-04,751447.0,791826.9747560284,511621.74,425977.5722424128,434850.0091406349
2018-06-05,763376.0,867905.9925596983,311676.17,128559.40949297042,434850.06421599264
2018-06-06,765398.0,851384.9610046212,510268.9,427258.4517330443,434850.01309531956
2018-06-07,767824.0,854065.6806386089,504697.85,394582.14809236623,434850.060545274
2018-06-08,762492.0,943216.4113396589,422134.54,142822.4211020694,434850.01650246227
2018-06-09,753198.0,856178.4803071482,498148.02,394667.77328852256,434850.057382781
2018-06-10,678602.0,825010.0508005447,493838.72,394334.13694313087,434850.01943787246
2018-06-11,690692.0,836720.2960052658,507751.47,427029.5431739652,434850.0546581478
2018-06-12,658236.0,806333.512946609,500179.17,426427.32182509545,434850.0219668634
2018-06-13,63499.0,612720.7264605432,495874.68,425211.6249355665,434850.052310751
2018-06-14,667535.0,757176.9797103198,594499.88,663420.3368320682,434850.0241457055
2018-06-15,645658.0,565408.5951999472,489753.11,392638.0689466699,434850.0502883607
2018-06-16,655016.0,553128.8277490614,488594.51,393132.8413060091,434850.0260228782
2018-06-17,649927.0,552139.4230656803,489530.03,393389.830394226,434850.0485459783
2018-06-18,673482.0,555461.7928101001,500379.67,425631.7188134872,434850.0276401488
2018-06-19,676994.0,537844.2084676914,484422.14,425366.8003906329,434850.0470448358
2018-06-20,677655.0,756145.2632476351,526003.95,382656.2959566893,434850.02903350187
2018-06-21,672974.0,685580.3772648508,498363.38,393286.09459589416,434850.0457515324
2018-06-22,608369.0,740710.1240525537,415312.03,141466.63523110264,434850.03023393964
2018-06-23,616248.0,651807.0571602859,379472.5,269141.88844104507,434850.0446372921
2018-06-24,617323.0,671354.8696311548,471478.96,371398.52730171476,434850.03126817197
2018-06-25,624918.0,656206.6640815126,483704.72,425073.10039390164,434850.04367732274
2018-06-26,609367.0,641512.8059700673,488462.01,470552.57354033523,434850.0321592107
2018-06-27,615713.0,582754.441286363,384524.57,346878.41801714996,434850.042850265
2018-06-28,590344.0,610888.1077136256,448918.74,388021.08170784754,434850.03292688157
2018-06-29,62183.0,489232.921011491,564276.48,643877.842006673,434850.0421377167
2018-06-30,6404.0,484456.5258598328,564888.34,658798.1413830341,434850.03358826536
2018-07-01,638582.0,502145.83268196526,575712.14,657304.3646335655,434850.0415238236
2018-07-02,661418.0,416750.6445150342,428738.57,141455.91260314992,434850.0341580779
2018-07-03,652959.0,348518.5641514521,498025.13,479405.0228009203,434850.0409949264
2018-07-04,659755.0,361085.5907707007,498068.81,479494.32650313637,434850.03464899765
2018-07-05,663914.0,376824.1249758914,497588.44,392498.1662287886,434850.04053925717
2018-07-06,66735.0,425940.5090189062,530905.36,350152.71594903525,434850.0350719476
2018-07-07,685693.0,744726.0516351953,649871.81,676076.7507010472,434850.0401466772
2018-07-08,677388.0,478022.8000360368,387737.33,269841.45268275146,434850.03543633845
2018-07-09,674175.0,514233.4852905963,515596.07,426275.2519339618,434850.03980845143
2018-07-10,632995.0,505361.25439643057,501622.31,425376.05399463646,434850.0357502779
2018-07-11,639471.0,510981.9952575378,500755.09,425477.5537856131,434850.0395170544
2018-07-12,622881.0,479191.9069028106,473492.41,392684.6225993827,434850.0360207512
2018-07-13,623805.0,674699.6272251742,507264.23,285620.84061555116,434850.0392660025
2018-07-14,627612.0,591436.945660818,384809.04,269323.4732128862,434850.0362537764
2018-07-15,635964.0,581542.7947897468,379586.83,269458.04832012317,434850.0390497096
2018-07-16,674175.0,615896.2060479987,503039.46,425631.7188134872,434850.0364545383
2018-07-17,732104.0,637009.6614092125,504762.52,425554.87277218624,434850.0388633634
2018-07-18,737078.0,636340.7539607882,505448.65,425589.452187575,434850.03662750387
2018-07-19,746686.0,632378.9064489892,393441.38,269976.1018017701,434850.0387028175
2018-07-20,735413.0,650522.5480066143,392744.22,269459.00431036483,434850.0367765217
2018-07-21,741929.0,713487.544589678,500859.92,393575.77095693315,434850.0385644999
2018-07-22,741849.0,694273.5525780745,387356.22,270088.351776941,434850.03690490744
2018-07-23,771111.0,808888.4766631824,431870.84,161269.73831137005,434850.0384453329
2018-07-24,842427.0,849234.4672155288,424406.62,141899.1575658252,434850.03701551765
2018-07-25,818139.0,753342.6567214582,500620.78,425654.55458649056,434850.03834266507
2018-07-26,795158.0,766957.7614694978,500834.81,438279.6024014772,434850.0371108134
2018-07-27,816501.0,755326.8839769636,389308.32,314652.40543780726,434850.038254212
2018-07-28,819215.0,799913.1804856298,501678.95,438595.2728302793,434850.03719291516
2018-07-29,821846.0,810528.085330083,487534.16,374007.86484971945,434850.0381780056
2018-07-30,818048.0,910922.5369535,415217.71,162692.9955869467,434850.0372636495
2018-07-31,778044.0,809265.6320197285,390087.68,347209.6429997379,434850.0381123503
2018-08-01,762491.0,846308.3501088123,505471.9,425463.9715246297,434850.03732459043
2018-08-02,756715.0,843788.9575693174,505428.22,393594.04314892314,434850.0380557852
2018-08-03,743439.0,826473.4069652983,500911.69,393085.46976507903,434850.03737709386
2018-08-04,703285.0,801552.033390078,496900.44,393164.6960518841,434850.03800705174
2018-08-05,706848.0,884229.3430061297,402839.22,141052.96524443128,434850.03742232797
2018-08-06,69518.0,633283.7428310793,510199.73,425916.5227835733,434850.0379650657
2018-08-07,675312.0,786088.5728446416,609641.83,675529.1814084379,434850.0374612992
2018-08-08,63058.0,443414.9163342194,501181.86,425316.4977855579,434850.0379288927
2018-08-09,656823.0,593324.336259187,602886.9,666288.1332784739,434850.03749487473
2018-08-10,618471.0,400525.5254043094,472409.35,391555.98239111423,434850.03789772803
2018-08-11,629573.0,400268.61593707465,465960.9,392046.39136016904,434850.03752380155
2018-08-12,632269.0,448053.67899548804,413484.83,141043.40350337577,434850.03787087824
2018-08-13,629757.0,573591.734716779,533556.44,382723.7082515474,434850.0375487234
2018-08-14,619971.0,492008.9746911408,491954.88,403793.15898573614,434850.03784774593
2018-08-15,630852.0,685438.79484142,521510.7,382368.00662485097,434850.0375701947
2018-08-16,633473.0,593511.367636899,478969.04,392803.0039721029,434850.0378278163
2018-08-17,658063.0,607827.643832973,479635.79,392797.80129566195,434850.0375886932
2018-08-18,642376.0,623219.6323003577,488064.37,392620.9464910448,434850.0378106461
2018-08-19,650607.0,631794.1964544713,492575.54,393267.4164132461,434850.0376046305
2018-08-20,630853.0,630777.2217742609,504078.26,425631.7188134872,434850.03779585316
2018-08-21,648876.0,645833.8784052769,494685.61,424965.6589706488,434850.03761836124
2018-08-22,637671.0,639355.5489034439,500107.66,425307.9736779967,434850.03778310836
2018-08-23,653488.0,654348.9222625818,496393.16,393155.1664380752,434850.0376301909
2018-08-24,671996.0,651616.8607842457,492511.48,392638.0689466699,434850.0377721281
2018-08-25,676319.0,656482.1715307875,490353.98,393370.8369206212,434850.0376403827
2018-08-26,670726.0,660789.3982538637,493821.5,438460.8175406884,434850.03776266816
2018-08-27,688464.0,651481.9675691468,398625.45,348082.4351141909,434850.03764916345
2018-08-28,709628.0,690316.1644079213,502141.11,470527.71458254877,434850.037754518
2018-08-29,704716.0,680203.0398019032,486130.41,470422.2632215684,434850.0376567284
2018-08-30,697823.0,708464.7599629901,496876.89,437742.3275032411,434850.03774749616
2018-08-31,703758.0,714097.0279918138,502868.03,438546.1944647082,434850.037663246
2018-09-01,719325.0,724208.8765944033,494991.24,393512.453164144,434850.0377414466
2018-09-02,727272.0,731986.8519645102,500565.25,393706.293124094,434850.03766886116
2018-09-03,726006.0,736695.0231314315,517077.4,426480.94294981594,434850.0377362346
2018-09-04,736166.0,704230.6057242554,396426.08,303090.42014128173,434850.0376736989
2018-09-05,679283.0,723575.8393357033,492587.54,361811.52167534595,434850.03773174423
2018-09-06,652917.0,752121.9447933051,492014.44,392651.795730672,434850.0376778669
2018-09-07,646707.0,769501.9556280484,485276.28,328764.60502909136,434850.0377278756
2018-09-08,622598.0,771161.0021471663,477976.5,393822.38432775566,434850.03768145776
2018-09-09,630086.0,755607.5897603665,472262.22,393710.9934700749,434850.03772454255
2018-09-10,63297.0,568776.6768750006,501325.69,425725.30508408713,434850.03768455144
2018-09-11,63212.0,556100.4456146775,586862.19,658896.855494262,434850.037721671
2018-09-12,63518.0,414670.5768646318,448592.25,620605.1424216856,434850.0376872168
2018-09-13,651731.0,418784.44252825656,451828.3,623308.5382381711,434850.037719197
2018-09-14,651271.0,238588.04858192673,355579.03,416156.94936873036,434850.0376895131
2018-09-15,65432.0,101290.13438836443,102021.72,52422.15073418167,434850.03771706554
2018-09-16,651718.0,369864.4454520764,189517.29,59280.28841083885,434850.03769149154
2018-09-17,62812.0,186073.06450817978,146245.84,61710.29471530252,434850.0377152292
2018-09-18,63713.0,337271.80678105575,169373.69,57034.51165844626,434850.03769319603
2018-09-19,639854.0,458644.0853060835,523991.37,658305.9003822295,434850.0377136471
2018-09-20,651967.0,233959.27631300606,389590.66,434094.60006822774,434850.0376946645
2018-09-21,673495.0,232521.10936910193,427787.56,433591.88666886487,434850.0377122841
2018-09-22,672198.0,500094.14773132006,453559.97,229866.35045795815,434850.0376959297
2018-09-23,671063.0,362473.71315396583,485009.52,393113.78691136267,434850.03771110973
2018-09-24,659541.0,632095.6360155236,468256.89,230763.3175582707,434850.0376970197
2018-09-25,644647.0,679322.9449386221,523484.86,382433.10902376653,434850.037710098
2018-09-26,6495.0,475015.356335702,503723.85,470982.0232768887,434850.0376979588
2018-09-27,667675.0,635004.3452987252,584127.61,657256.1517843469,434850.03770922637
2018-09-28,664413.0,466283.17418091884,501429.47,438234.568033896,434850.03769876785
2018-09-29,660196.0,415392.3148293339,391578.06,314065.61022355134,434850.03770847537
2018-09-30,662556.0,465941.7551517029,496044.5,439392.7476740494,434850.0376994649
2018-10-01,658962.0,450412.2642809117,496048.73,426724.98262979113,434850.0377078284
2018-10-02,65561.0,418040.6174633612,424033.99,141396.84380075676,434850.03770006547
2018-10-03,650259.0,716216.6918557041,649406.34,673881.5262138967,434850.037707271
2018-10-04,657669.0,478898.11121034133,502851.67,393281.3182958302,434850.0377005829
2018-10-05,662248.0,475242.90401466185,503196.36,393739.54685607797,434850.0377067908
2018-10-06,658831.0,547048.0655457242,417854.87,141514.61517439308,434850.03770102863
2018-10-07,660295.0,471774.89152172534,497564.3,393332.51881216164,434850.03770637704
2018-10-08,665223.0,473913.06678017473,512194.48,426107.16863788356,434850.0377014127
2018-10-09,664264.0,666197.3550199546,538009.36,382927.146138623,434850.0377060206
2018-10-10,658553.0,583711.6416910195,493840.45,361661.8641994016,434850.0377017436
2018-10-11,625624.0,580252.8554496666,481708.48,328915.33424573956,434850.0377057135
2018-10-12,627458.0,574543.6685371313,463495.39,328426.00103591935,434850.03770202864
2018-10-13,628599.0,612643.2543240086,494017.06,392886.14009660867,434850.03770544886
2018-10-14,629093.0,605243.844376848,487598.54,393021.45044832834,434850.0377022742
2018-10-15,659654.0,591453.8891378647,494308.98,362156.03319660824,434850.0377052209
2018-10-16,659611.0,610546.8646185431,505541.09,425788.6221494464,434850.0377024858
2018-10-17,654443.0,598974.1203875125,491251.6,361488.8114722636,434850.03770502453
2018-10-18,647671.0,626365.4422680776,482519.04,329028.40848803037,434850.0377026681
2018-10-19,646541.0,656303.4602698255,493129.14,392886.14009660867,434850.0377048553
2018-10-20,648919.0,741727.4067009088,409966.66,140490.15742480016,434850.03770282515
2018-10-21,648235.0,746383.0476336069,412904.56,140062.14088487037,434850.03770470957
2018-10-22,648716.0,643144.3229514012,487930.55,426260.08342821005,434850.0377029605
2018-10-23,647574.0,659354.9199146859,498128.94,425735.4539451532,434850.03770458396
2018-10-24,649584.0,660054.275199116,500771.58,425981.41991007095,434850.037703077
2018-10-25,647629.0,659014.1557654395,487225.36,393433.6811686856,434850.03770447575
2018-10-26,647475.0,662640.8288308715,479551.73,374221.10592959105,434850.0377031775
2018-10-27,648038.0,689904.8124298552,488142.74,438355.29908369895,434850.03770438256
2018-10-28,648639.0,690567.3085595228,488389.83,438315.9749368398,434850.03770326404
2018-10-29,633263.0,668018.6673706964,488170.99,471091.522757271,434850.03770430223
2018-10-30,633427.0,687970.9620521937,495809.5,470003.3180805381,434850.03770333854
2018-10-31,631761.0,682503.750369686,495809.5,470532.9757060139,434850.037704233
2018-11-01,637778.0,716057.4371865679,486987.75,325864.21061888756,434850.0377034028
2018-11-02,638844.0,735543.9590354385,501148.87,388762.55849344423,434850.0377041734
2018-11-03,636126.0,732694.126954382,496725.93,389902.86563285085,434850.0377034581
2018-11-04,637613.0,730013.909046586,496725.93,391806.4339417363,434850.037704122
2018-11-05,641966.0,735971.0574454296,512029.99,425414.5972220206,434850.0377035058
2018-11-06,646101.0,736028.6612765609,506546.3,424004.51411409903,434850.0377040778
2018-11-07,653014.0,710234.2929453778,401583.73,301347.2572531032,434850.03770354687
2018-11-08,645372.0,738866.7166896746,504304.55,392927.84405129304,434850.03770403966
2018-11-09,638562.0,710605.4994149781,393987.95,266668.0533016969,434850.03770358226
2018-11-10,640922.0,742665.6301267233,494692.63,392225.36005216785,434850.0377040068
2018-11-11,641127.0,742517.8625067588,494835.03,391190.097599303,434850.03770361276
2018-11-12,637127.0,743190.0731797764,510437.14,424884.38334189897,434850.03770397854
2018-11-13,635949.0,739851.229943036,504102.09,425235.1309943025,434850.037703639
2018-11-14,573835.0,712113.2034811357,470725.23,373497.23802122404,434850.03770395415
2018-11-15,564803.0,705924.444497732,484382.03,85189.09325565242,434850.03770366166
2018-11-16,557555.0,688630.5132843701,577383.96,634024.9101073092,434850.0377039332
2018-11-17,555433.0,670252.2941247063,577114.93,634858.7688031744,434850.03770368116
2018-11-18,562354.0,653398.3125148292,582699.75,639108.5721533829,434850.0377039151
2018-11-19,487149.0,607254.4581397576,471998.17,260288.2186294533,434850.037703698
2018-11-20,445187.0,571239.4268914335,458987.17,254154.88080690114,434850.0377038995
2018-11-21,460217.0,565306.6228563596,458864.39,252791.41571642528,434850.0377037124
2018-11-22,436594.0,529747.8201785397,440222.9,248180.22073951014,434850.03770388605
2018-11-23,434711.0,486363.4286671747,392849.52,224966.116763489,434850.03770372487
2018-11-24,388076.0,463293.1684290369,410685.87,213937.55241895467,434850.03770387446
2018-11-25,400997.0,434326.52067265427,400544.56,210413.40468038825,434850.03770373564
2018-11-26,377913.0,412089.85001342196,404911.79,247063.8235010206,434850.0377038645
2018-11-27,382072.0,406246.5130409792,403666.24,263465.77774957975,434850.0377037449
2018-11-28,425742.0,386053.46541884827,409928.34,300907.97023450944,434850.03770385595
2018-11-29,427885.0,365498.32772230636,390884.47,291062.4094950601,434850.03770375287
